-- MySQL Script generated by MySQL Workbench
-- Sun May 19 18:03:19 2019
-- Model: New Model    Version: 1.0
-- MySQL Workbench Forward Engineering

SET @OLD_UNIQUE_CHECKS=@@UNIQUE_CHECKS, UNIQUE_CHECKS=0;
SET @OLD_FOREIGN_KEY_CHECKS=@@FOREIGN_KEY_CHECKS, FOREIGN_KEY_CHECKS=0;
SET @OLD_SQL_MODE=@@SQL_MODE, SQL_MODE='ONLY_FULL_GROUP_BY,STRICT_TRANS_TABLES,NO_ZERO_IN_DATE,NO_ZERO_DATE,ERROR_FOR_DIVISION_BY_ZERO,NO_ENGINE_SUBSTITUTION';

-- -----------------------------------------------------
-- Schema readme
-- -----------------------------------------------------
DROP SCHEMA IF EXISTS `readme` ;

-- -----------------------------------------------------
-- Schema readme
-- -----------------------------------------------------
CREATE SCHEMA IF NOT EXISTS `readme` DEFAULT CHARACTER SET utf8 ;
USE `readme` ;

-- -----------------------------------------------------
-- Table `readme`.`users`
-- -----------------------------------------------------
CREATE TABLE IF NOT EXISTS `readme`.`users` (
  `users_id` INT NOT NULL AUTO_INCREMENT,
  `registration_date` DATETIME NOT NULL,
  `email` VARCHAR(225) NOT NULL,
  `name` VARCHAR(225) NOT NULL,
  `password` VARCHAR(225) NOT NULL,
  `avatar` VARCHAR(225) NULL,
  `contact_info` VARCHAR(225) NULL,
  PRIMARY KEY (`users_id`),
  UNIQUE INDEX `idusers_UNIQUE` (`users_id` ASC),
  UNIQUE INDEX `email_UNIQUE` (`email` ASC))
ENGINE = InnoDB;


-- -----------------------------------------------------
-- Table `readme`.`content_types`
-- -----------------------------------------------------
CREATE TABLE IF NOT EXISTS `readme`.`content_types` (
  `content_types_id` INT NOT NULL AUTO_INCREMENT,
  `type` VARCHAR(20) NOT NULL,
  PRIMARY KEY (`content_types_id`),
  UNIQUE INDEX `id_UNIQUE` (`content_types_id` ASC));


-- -----------------------------------------------------
-- Table `readme`.`posts`
-- -----------------------------------------------------
CREATE TABLE IF NOT EXISTS `readme`.`posts` (
  `posts_id` INT NOT NULL AUTO_INCREMENT,
  `post_date` DATETIME NOT NULL,
  `title` TEXT(120) NOT NULL,
  `content` TEXT NOT NULL,
  `quote_author` VARCHAR(225) NULL,
  `img_url` VARCHAR(225) NULL,
  `video_url` VARCHAR(225) NULL,
  `users_site_url` VARCHAR(225) NULL,
  `number_of_views` INT NOT NULL DEFAULT 0,
  `users_id` INT NOT NULL,
  `content_types_id` INT NOT NULL,
  `isrepost` INT DEFAULT 0,
  `user_author_id` INT DEFAULT 0,
  `post_origin_id` INT DEFAULT 0,
  PRIMARY KEY (`posts_id`),
  INDEX `id_UNIQUE` (`posts_id` ASC),
  INDEX `users_to_posts_idx` (`users_id` ASC),
  INDEX `fk_posts_content_types1_idx` (`content_types_id` ASC),
  FULLTEXT INDEX `posts_search` (`title`, `content`),
  CONSTRAINT `users_to_posts`
    FOREIGN KEY (`users_id`)
    REFERENCES `readme`.`users` (`users_id`)
    ON DELETE NO ACTION
    ON UPDATE NO ACTION,
  CONSTRAINT `posts_to_content_types`
    FOREIGN KEY (`content_types_id`)
    REFERENCES `readme`.`content_types` (`content_types_id`)
    ON DELETE NO ACTION
    ON UPDATE NO ACTION)
ENGINE = InnoDB;


-- -----------------------------------------------------
-- Table `readme`.`comments`
-- -----------------------------------------------------
CREATE TABLE IF NOT EXISTS `readme`.`comments` (
  `comments_id` INT NOT NULL AUTO_INCREMENT,
  `data_time_of_origin` DATETIME NOT NULL,
  `text` TEXT NOT NULL,
  `users_id` INT NOT NULL,
  `post_id` INT NOT NULL,
  PRIMARY KEY (`comments_id`),
  UNIQUE INDEX `id_UNIQUE` (`comments_id` ASC),
  INDEX `fk_comment_users1_idx` (`users_id` ASC),
  INDEX `fk_comment_post1_idx` (`post_id` ASC),
  CONSTRAINT `users_to_comments`
    FOREIGN KEY (`users_id`)
    REFERENCES `readme`.`users` (`users_id`)
    ON DELETE NO ACTION
    ON UPDATE NO ACTION,
  CONSTRAINT `posts_to_comments`
    FOREIGN KEY (`post_id`)
    REFERENCES `readme`.`posts` (`posts_id`)
    ON DELETE NO ACTION
    ON UPDATE NO ACTION)
ENGINE = InnoDB;


-- -----------------------------------------------------
-- Table `readme`.`messages`
-- -----------------------------------------------------
CREATE TABLE IF NOT EXISTS `readme`.`messages` (
  `messages_id` INT NOT NULL AUTO_INCREMENT,
  `date_of_origin` DATETIME NOT NULL,
  `text` TEXT NOT NULL,
  `users_id_send` INT NOT NULL,
  `users_id_get` INT NOT NULL,
  `chat_hash` VARCHAR(255) DEFAULT NULL,
  PRIMARY KEY (`messages_id`),
  UNIQUE INDEX `id_UNIQUE` (`messages_id` ASC),
  INDEX `fk_message_users1_idx` (`users_id_send` ASC),
  INDEX `fk_messages_users1_idx` (`users_id_get` ASC),
  CONSTRAINT `users_to_messages`
    FOREIGN KEY (`users_id_send`)
    REFERENCES `readme`.`users` (`users_id`)
    ON DELETE NO ACTION
    ON UPDATE NO ACTION,
  CONSTRAINT `fk_messages_users1`
    FOREIGN KEY (`users_id_get`)
    REFERENCES `readme`.`users` (`users_id`)
    ON DELETE NO ACTION
    ON UPDATE NO ACTION);


-- -----------------------------------------------------
-- Table `readme`.`subscribers`
-- -----------------------------------------------------
CREATE TABLE IF NOT EXISTS `readme`.`subscribers` (
  `subs_id` INT NOT NULL AUTO_INCREMENT,
  `users_id` INT NULL DEFAULT NULL,
  `users_subscribe_id` INT NULL DEFAULT NULL,
  PRIMARY KEY (`subs_id`),
  UNIQUE INDEX `id_UNIQUE` (`subs_id` ASC),
  INDEX `fk_subscribe_users1_idx` (`users_id` ASC, `users_subscribe_id` ASC),
  CONSTRAINT `users_to_subscribers`
    FOREIGN KEY (`users_id`)
    REFERENCES `readme`.`users` (`users_id`)
    ON DELETE NO ACTION
    ON UPDATE NO ACTION);


-- -----------------------------------------------------
-- Table `readme`.`hashtags`
-- -----------------------------------------------------
CREATE TABLE IF NOT EXISTS `readme`.`hashtags` (
  `hashtags_id` INT NOT NULL AUTO_INCREMENT,
  `name` TEXT(120) NULL,
  PRIMARY KEY (`hashtags_id`),
  UNIQUE INDEX `id_UNIQUE` (`hashtags_id` ASC),
  FULLTEXT INDEX `hashtags_search` (`name`));


-- -----------------------------------------------------
-- Table `readme`.`likes`
-- -----------------------------------------------------
CREATE TABLE IF NOT EXISTS `readme`.`likes` (
  `likes_id` INT NOT NULL AUTO_INCREMENT,
  `likes_date` VARCHAR(255) NOT NULL,
  `post_id` INT NOT NULL,
  `user_id` INT NOT NULL,
  PRIMARY KEY (`likes_id`),
  INDEX `fk_posts_has_users_users1_idx` (`user_id` ASC),
  INDEX `fk_posts_has_users_posts1_idx` (`post_id` ASC, `likes_id` ASC),
  UNIQUE INDEX `posts_likes_id_UNIQUE` (`likes_id` ASC),
  CONSTRAINT `fk_posts_has_users_posts1`
    FOREIGN KEY (`post_id`)
    REFERENCES `readme`.`posts` (`posts_id`)
    ON DELETE NO ACTION
    ON UPDATE NO ACTION,
  CONSTRAINT `fk_posts_has_users_users1`
    FOREIGN KEY (`user_id`)
    REFERENCES `readme`.`users` (`users_id`)
    ON DELETE NO ACTION
    ON UPDATE NO ACTION)
ENGINE = InnoDB;


-- -----------------------------------------------------
-- Table `readme`.`posts_has_hashtags`
-- -----------------------------------------------------
CREATE TABLE IF NOT EXISTS `readme`.`posts_has_hashtags` (
  `posts_to_hashtags_id` INT NOT NULL,
  `hashtags_to_posts_id` INT NULL DEFAULT NULL,
  INDEX `fk_posts_has_hashtags_hashtags1_idx` (`hashtags_to_posts_id` ASC),
  INDEX `fk_posts_has_hashtags_posts1_idx` (`posts_to_hashtags_id` ASC),
  CONSTRAINT `fk_posts_has_hashtags_posts1`
    FOREIGN KEY (`posts_to_hashtags_id`)
    REFERENCES `readme`.`posts` (`posts_id`)
    ON DELETE NO ACTION
    ON UPDATE NO ACTION,
  CONSTRAINT `fk_posts_has_hashtags_hashtags1`
    FOREIGN KEY (`hashtags_to_posts_id`)
    REFERENCES `readme`.`hashtags` (`hashtags_id`)
    ON DELETE NO ACTION
    ON UPDATE NO ACTION)
ENGINE = InnoDB;

-- -----------------------------------------------------
-- Table `readme`.`views`
-- -----------------------------------------------------
CREATE TABLE IF NOT EXISTS `readme`.`views` (
  `views_id` INT NOT NULL AUTO_INCREMENT,
  `user_id` INT NOT NULL,
  `post_id` INT NOT NULL,
  PRIMARY KEY (`views_id`),
  INDEX `fk_users_id_idx` (`user_id` ASC),
  INDEX `fk_posts_id_idx` (`post_id` ASC),
  UNIQUE INDEX `views_id_UNIQUE` (`views_id` ASC),
  CONSTRAINT `fk_posts_id_idx`
  FOREIGN KEY (`post_id`)
  REFERENCES `readme`.`posts` (`posts_id`)
    ON DELETE NO ACTION
    ON UPDATE NO ACTION,
  CONSTRAINT `fk_users_id_idx`
  FOREIGN KEY (`user_id`)
  REFERENCES `readme`.`users` (`users_id`)
    ON DELETE NO ACTION
    ON UPDATE NO ACTION)
  ENGINE = InnoDB;


SET SQL_MODE=@OLD_SQL_MODE;
SET FOREIGN_KEY_CHECKS=@OLD_FOREIGN_KEY_CHECKS;
SET UNIQUE_CHECKS=@OLD_UNIQUE_CHECKS;

-- -----------------------------------------------------
-- Data for table `readme`.`users`
-- -----------------------------------------------------
START TRANSACTION;
USE `readme`;
INSERT INTO `readme`.`users` (`users_id`, `registration_date`, `email`, `name`, `password`, `avatar`, `contact_info`) VALUES (1, '2019-01-04 14:32:01', 'larisa@mail.ru', 'Лариса', 'qwerty', 'img/userpic-larisa-small.jpg', '');
INSERT INTO `readme`.`users` (`users_id`, `registration_date`, `email`, `name`, `password`, `avatar`, `contact_info`) VALUES (2, '2012-01-01 13:31:49', 'vlados666@bk.ru', 'Владик', 'lth;bvtyzrhtgxt1488', 'img/userpic.jpg', NULL);
INSERT INTO `readme`.`users` (`users_id`, `registration_date`, `email`, `name`, `password`, `avatar`, `contact_info`) VALUES (3, '2019-04-01 18:32:01', 'victorian@gmail.com', 'Виктор', 'jj~lLasldla341kdlaj', 'img/userpic-mark.jpg', NULL);
INSERT INTO `readme`.`users` (`users_id`, `registration_date`, `email`, `name`, `password`, `avatar`, `contact_info`) VALUES (4, '2019-05-23 21:23:07', 'xxx@gmail.com', 'Serg', '$2y$10$hgMEatXU/.Q/zm.dn34V4ehzQV5hEBirDLyWH8kQIVjTUw4bBTDN6', '../uploads/5ce8773fd6936.gif', NULL);
INSERT INTO `readme`.`users` (`users_id`, `registration_date`, `email`, `name`, `password`, `avatar`, `contact_info`) VALUES (5, '2019-05-25 01:59:48', 'ssss@mail.ru', 'UnSerg', '$2y$10$sEg8z63mrtpXVGChUQM.j.eyCLQqdR/WuZtlzDJf7nXz4BSUW3kK6', '../uploads/5ce8776408173.jpg', NULL);

COMMIT;


-- -----------------------------------------------------
-- Data for table `readme`.`content_types`
-- -----------------------------------------------------
START TRANSACTION;
USE `readme`;
INSERT INTO `readme`.`content_types` (`content_types_id`, `type`) VALUES (1, 'text');
INSERT INTO `readme`.`content_types` (`content_types_id`, `type`) VALUES (2, 'quote');
INSERT INTO `readme`.`content_types` (`content_types_id`, `type`) VALUES (3, 'picture');
INSERT INTO `readme`.`content_types` (`content_types_id`, `type`) VALUES (4, 'video');
INSERT INTO `readme`.`content_types` (`content_types_id`, `type`) VALUES (5, 'url');

COMMIT;


-- -----------------------------------------------------
-- Data for table `readme`.`posts`
-- -----------------------------------------------------
START TRANSACTION;
USE `readme`;
INSERT INTO `readme`.`posts` (`posts_id`, `post_date`, `title`, `content`, `quote_author`, `img_url`, `video_url`, `users_site_url`, `number_of_views`, `users_id`, `content_types_id`, `isrepost`, `user_author_id`, `post_origin_id` ) VALUES (1, '2019-04-24 16:00:53', 'Цитата', 'Мы в жизни любим только раз, а после ищем лишь похожих', NULL, NULL, NULL, NULL, 1213, 1, 2, 0, 0, 0);
INSERT INTO `readme`.`posts` (`posts_id`, `post_date`, `title`, `content`, `quote_author`, `img_url`, `video_url`, `users_site_url`, `number_of_views`, `users_id`, `content_types_id`, `isrepost`, `user_author_id`, `post_origin_id` ) VALUES (2, '2019-04-23 03:00:23', 'Игра престолов', 'Не могу дождаться начала финального сезона своего любимого сериала!', NULL, NULL, NULL, NULL, 1, 2, 1, 0, 0, 0);
INSERT INTO `readme`.`posts` (`posts_id`, `post_date`, `title`, `content`, `quote_author`, `img_url`, `video_url`, `users_site_url`, `number_of_views`, `users_id`, `content_types_id`, `isrepost`, `user_author_id`, `post_origin_id` ) VALUES (3, '2019-04-22 11:20:43', 'Наконец, обработал фотки!', 'img/rock-medium.jpg', NULL, 'img/rock-medium.jpg', NULL, '', 22, 3, 3, 0, 0, 0);
INSERT INTO `readme`.`posts` (`posts_id`, `post_date`, `title`, `content`, `quote_author`, `img_url`, `video_url`, `users_site_url`, `number_of_views`, `users_id`, `content_types_id`, `isrepost`, `user_author_id`, `post_origin_id` ) VALUES (4, '2019-04-23 19:42:21', 'Моя мечта', 'img/coast-medium.jpg', NULL, 'img/coast-medium.jpg', NULL, NULL, 3123, 1, 3, 0, 0, 0);
INSERT INTO `readme`.`posts` (`posts_id`, `post_date`, `title`, `content`, `quote_author`, `img_url`, `video_url`, `users_site_url`, `number_of_views`, `users_id`, `content_types_id`, `isrepost`, `user_author_id`, `post_origin_id` ) VALUES (5, '2019-04-24 01:21:19', 'Лучшие курсы', 'www.htmlacademy.ru', NULL, NULL, NULL, NULL, 100, 2, 5, 0, 0, 0);
INSERT INTO `readme`.`posts` (`posts_id`, `post_date`, `title`, `content`, `quote_author`, `img_url`, `video_url`, `users_site_url`, `number_of_views`, `users_id`, `content_types_id`, `isrepost`, `user_author_id`, `post_origin_id` ) VALUES (6, '2019-04-24 01:21:19', 'аааааааааа', 'https://www.youtube.com/watch?v=aG1nWuYFkTM', NULL, NULL, 'https://www.youtube.com/watch?v=aG1nWuYFkTM', NULL, 0, 2, 4, 0, 0, 0);
INSERT INTO `readme`.`posts` (`posts_id`, `post_date`, `title`, `content`, `quote_author`, `img_url`, `video_url`, `users_site_url`, `number_of_views`, `users_id`, `content_types_id`, `isrepost`, `user_author_id`, `post_origin_id` ) VALUES (7, '2019-01-24 12:00:53', 'Воскресший Сергей Скрипаль: ', 'Отравленный в Солсбери экс-полковник ГРУ сообщил, что его перевозят с места на место и у него в горле стоит стома', NULL, NULL, NULL, NULL, 1, 2, 1, 0, 0, 0);
INSERT INTO `readme`.`posts` (`posts_id`, `post_date`, `title`, `content`, `quote_author`, `img_url`, `video_url`, `users_site_url`, `number_of_views`, `users_id`, `content_types_id`, `isrepost`, `user_author_id`, `post_origin_id` ) VALUES (8, '2019-04-18 10:00:23', 'Взгляд из Финляндии', '– Выход в четвертьфинал стал крупной неожиданностью. Вы согласны с коллегой Ханну Аравиртой, что финская команда способная сотворить вторую сенсацию за три дня. И если да – что для этого нужно?

– Это вполне возможно. Естественно, на бумаге финны значительно слабее, поэтому ничего на них не давит. Против Швеции мы просто лучше действовали, кропотливее работали, катались больше, оборонялись и атаковали всей пятеркой. Именно также нужно сыграть завтра. Сейчас в команде 18 дебютантов чемпионатов мира, мотивация у них зашкаливает, эти парни по-настоящему голодны до игр и побед!', NULL, NULL, NULL, NULL, 1, 2, 1, 0, 0, 0);
INSERT INTO `readme`.`posts` (`posts_id`, `post_date`, `title`, `content`, `quote_author`, `img_url`, `video_url`, `users_site_url`, `number_of_views`, `users_id`, `content_types_id`, `isrepost`, `user_author_id`, `post_origin_id` ) VALUES (9, '2019-01-22 01:21:43', 'CATS!', 'img/cat.jpg', NULL, 'img/cat.jpg', NULL, '', 2123123212, 3, 3, 0, 0, 0);
INSERT INTO `readme`.`posts` (`posts_id`, `post_date`, `title`, `content`, `quote_author`, `img_url`, `video_url`, `users_site_url`, `number_of_views`, `users_id`, `content_types_id`, `isrepost`, `user_author_id`, `post_origin_id` ) VALUES (10, '2019-02-24 16:00:53', 'Цитата', 'дословно приведенное в произведении одного автора высказывание другого автора – как подтверждение своей мысли авторитетным, бесспорным утверждением, а то и наоборот – как формулировка, требующая опровержения, критики.', NULL, NULL, NULL, NULL, 1213, 1, 2, 0, 0, 0);
INSERT INTO `readme`.`posts` (`posts_id`, `post_date`, `title`, `content`, `quote_author`, `img_url`, `video_url`, `users_site_url`, `number_of_views`, `users_id`, `content_types_id`, `isrepost`, `user_author_id`, `post_origin_id` ) VALUES (11, '2019-05-23 09:00:23', 'Прояснилось...', 'Быть любимым — это больше, чем быть богатым, потому что быть любимым означает быть счастливым', NULL, NULL, NULL, NULL, 1, 2, 1, 0, 0, 0);
INSERT INTO `readme`.`posts` (`posts_id`, `post_date`, `title`, `content`, `quote_author`, `img_url`, `video_url`, `users_site_url`, `number_of_views`, `users_id`, `content_types_id`, `isrepost`, `user_author_id`, `post_origin_id` ) VALUES (12, '2019-01-22 19:20:43', 'Моя киса', 'img/cat.jpg', NULL, 'img/cat.jpg', NULL, '', 2123122, 3, 3, 0, 0, 0);

COMMIT;


-- -----------------------------------------------------
-- Data for table `readme`.`comments`
-- -----------------------------------------------------
START TRANSACTION;
USE `readme`;
INSERT INTO `readme`.`comments` (`comments_id`, `data_time_of_origin`, `text`, `users_id`, `post_id`) VALUES (1, '2019-04-24 14:00:03', 'LOL!', 2, 1);
INSERT INTO `readme`.`comments` (`comments_id`, `data_time_of_origin`, `text`, `users_id`, `post_id`) VALUES (2, '2019-04-22 14:00:03', '<3', 1, 2);

COMMIT;


-- -----------------------------------------------------
-- Data for table `readme`.`hashtags`
-- -----------------------------------------------------
START TRANSACTION;
USE `readme`;
INSERT INTO `readme`.`hashtags` (`hashtags_id`, `name`) VALUES (1, 'Wow');
INSERT INTO `readme`.`hashtags` (`hashtags_id`, `name`) VALUES (2, 'YASAMAYA');

COMMIT;


-- -----------------------------------------------------
-- Data for table `readme`.`likes`
-- -----------------------------------------------------
START TRANSACTION;
USE `readme`;
INSERT INTO `readme`.`likes` (`likes_id`, `likes_date`, `post_id`, `user_id`) VALUES (1, NOW(), 1, 1);
INSERT INTO `readme`.`likes` (`likes_id`, `likes_date`, `post_id`, `user_id`) VALUES (2, NOW(), 2, 2);

COMMIT;
